titulo,modelo,marca,precio,condicion,envio,opiniones,vendedor_url,ventas_vendedor
Tv Samsung Smart Tv 50 Uhd 4k Un50au7090gxpe,,,1199 soles,Nuevo | +50 vendidos,Envío gratis,3.8,https://perfil.mercadolibre.com.pe/TIENDAS+EFE?brandId=192,+5mil
"Televisor Xiaomi P1 43 Mi Android 10, 4k Uhd",,,899 soles,Nuevo | +100 vendidos,Envío gratis,4.8,https://perfil.mercadolibre.com.pe/TIENDAS+EFE?brandId=192,+5mil
Televisor Samsung Uhd 4k Smart Tv 4'' Un43au7090gxpe (2021),,,1129 soles,Nuevo | +50 vendidos,,4.9,https://perfil.mercadolibre.com.pe/ELECTRODOM%C3%89STICOS+JARED?brandId=940,+1000
"Fire Tv Stick (3.ª Generación 2021) Con Alexa Voice Remote,",,,187 soles,Nuevo | +500 vendidos,Envío gratis,4.6,https://perfil.mercadolibre.com.pe/OKNEWLINE,+100
Tv LG 55'' 4k Uhd Smart Thinq Ai 55ur7300psa,Negro,LG,1399 soles,Nuevo | +25 vendidos,Envío gratis,,https://perfil.mercadolibre.com.pe/ELECTROFERTAS+SELLADAS,+500
Televisor Samsung Smart Tv 55 Crystal Uhd 4k Un55cu8200gxpe,UN55CU8200GXPE,Samsung,1399 soles,Nuevo | +100 vendidos,Envío gratis,,https://perfil.mercadolibre.com.pe/SASA5322947?brandId=161,+5mil
"Estabilizador Forza Fvr-1202usb, 1200va/600w, 8 Tomas + 2usb",,,89 soles con 25 céntimos,Nuevo | +500 vendidos,,4.9,https://perfil.mercadolibre.com.pe/CHRISTIANLUISARANAURIARTE,+1000
Televisor Samsung Smart Tv 55 Uhd 4k Un55au7090gxpe,,,1549 soles,Nuevo | +100 vendidos,Envío gratis,4.8,https://perfil.mercadolibre.com.pe/SOFITECH_INTERNACIONAL,+500
Televisor Samsung Smart Tv 55 Qled 4k Qn55q60cagxpe (nuevo),,,1899 soles,Nuevo | +5 vendidos,,,,+5mil
Televisor Samsung Smart Tv 43 Qled 4k Qn43q65cagxpe (nuevo),,,1999 soles,Nuevo | +25 vendidos,,4.8,,+5mil
Tv LG 55 Led 4k Uhd Smart 55ur8750psa,Negro,LG,1739 soles,Nuevo | +5 vendidos,Envío gratis,,https://perfil.mercadolibre.com.pe/SOFITECH_INTERNACIONAL,+500
Tv Hisense Led A6h 55 Ultra Hd Hdr 10 Smart,55A6H,Hisense,1350 soles,Nuevo | +50 vendidos,Envío gratis,5.0,https://perfil.mercadolibre.com.pe/ELECTROFERTAS+SELLADAS,+500
Televisor Samsung Smart Tv 55'' The Frame Qled 4k Qn55ls03ba,,,2999 soles,Nuevo | +100 vendidos,Envío gratis,,https://perfil.mercadolibre.com.pe/SASA5322947?brandId=161,+5mil
Televisor Samsung Smart Tv 55 Neo Qled 4k Mini Led Qn55qn90,QN55QN90CAGXPE,Samsung,3999 soles,Nuevo | +5 vendidos,Envío gratis,,https://perfil.mercadolibre.com.pe/SASA5322947?brandId=161,+5mil
Mini Proyector Xiaomi Wanbo T2 Max 1080p Android Tv,,,741 soles,Nuevo | +50 vendidos,,4.6,https://perfil.mercadolibre.com.pe/PRODUCTOS+XIAOMI,+1000
"Smart TV LG 75NANO75SQA LED webOS 22 4K 75"" 100V/240V",,,4249 soles,Nuevo | 4 vendidos,,,https://perfil.mercadolibre.com.pe/CREDIVARGAS?brandId=445,+100
Mini Teclado Inalámbrico Android Smart Tv Iluminado Tvbox,,,30 soles con 39 céntimos,Nuevo | +100 vendidos,,,https://perfil.mercadolibre.com.pe/SANTOFA+E.I.R.L,+1000
Tv 55 Samsung Smart Uhd 4k Nuevo Modelo,,,1599 soles,Nuevo | +50 vendidos,,4.8,,+500
"Rack Soporte Móvil Plegable Tv Led, Smart De Doble Brazo!!!!",,,129 soles con 20 céntimos,Nuevo | +100 vendidos,,4.8,,+100
Funko Pop Taz Space Jam Tazmania,,,74 soles con 04 céntimos,Nuevo | +5 vendidos,Envío gratis,4.0,https://perfil.mercadolibre.com.pe/CHEEKY-TICOSAS,+500
Centro De Entretenimiento Madesa Londres Hasta 65'',,,349 soles,Nuevo | +50 vendidos,,4.6,,+500
Sintonizador Decodificador Tv Digital Hd 1080p Tdt Isdbt,,,79 soles con 11 céntimos,Nuevo | +100 vendidos,,4.4,,+1000
Android Tv Box Onn 2023 Certificado Google Tv - Netflix 4k,,,199 soles,Nuevo | +50 vendidos,,4.8,,+500
Tv Hyundai 55 Led 4k Uhd Smart Hyled5524g4km,,,1049 soles,Nuevo | 2 vendidos,,,https://perfil.mercadolibre.com.pe/TIENDAS+EFE?brandId=803,+5mil
Televisor Aoc 32' Led Smart Tv Hd Roku 32s5195,,,615 soles,Nuevo | +25 vendidos,Envío gratis,,https://perfil.mercadolibre.com.pe/TIENDAS+EFE?brandId=192,+5mil
Cable Hdmi Belkin 2 Metros Ultra Hd 4k Televisor Pc Negro,,,79 soles con 23 céntimos,Nuevo | +25 vendidos,Envío gratis,,https://perfil.mercadolibre.com.pe/CRONOSGO,+500
Figura de acción Eleven With Diorama 65639 de Funko Pop! Television,,,85 soles con 90 céntimos,Nuevo | 3 vendidos,Envío gratis,,https://perfil.mercadolibre.com.pe/DALUCITOSTORE,+100
Televisor LG Led 55 4k Uhd Smart Thinq Ai 55uq7950psb,55UQ7950PSB,LG,1559 soles,Nuevo | +5 vendidos,Envío gratis,,https://perfil.mercadolibre.com.pe/CREDIVARGAS?brandId=445,+100
Televisor Indurama 50 Smart Tv Uhd 4k 50tikgfuhd4k,50TIKGFUHD4K,Indurama,1409 soles,Nuevo | 2 vendidos,Envío gratis,,https://perfil.mercadolibre.com.pe/SMINMOBILIARIAEINVERSIONES,+100
Tv 55 LG Smart Uhd 4k Thinq Ai Nuevo Modelo Sellados,,,1599 soles,Nuevo | +50 vendidos,,4.7,,+500
Chromecast 4ta Generación Con Google Tv Original Nuevo,,,219 soles,Nuevo | +100 vendidos,,4.8,,+500
Rack Giratorio 24-42 Pulgadas Para Tv / Monitores,,,57 soles con 85 céntimos,Nuevo | +5 vendidos,,4.7,,+100
Cable Audio Video Rca Tv Ps2 Ps3 Ps1 Playstation Envíos Gtía,,,10 soles con 99 céntimos,Nuevo | +5 vendidos,,,https://perfil.mercadolibre.com.pe/PCMASTERSOLUCIONES,+1000
Antena Digital Tdt Exterior 20dbi Soporta 3 Televisores,,,96 soles con 12 céntimos,Nuevo | +25 vendidos,,4.4,,+1000
Tv LG 50 Uhd 4k Smart Nuevo Modelo,,,1499 soles,Nuevo | +5 vendidos,,,,+500
Mike En California Funko Pop Tv Stranger Things 4,,,60 soles con 23 céntimos,Nuevo | 1 vendido,,,https://perfil.mercadolibre.com.pe/SUPERMEGAPOP-PERU,+100
Smart Tv Aiwa 65,,,1899 soles,Nuevo | 3 vendidos,,,https://perfil.mercadolibre.com.pe/TIENDAS+EFE?brandId=803,+5mil
Funko Pop Stranger Things T4 Lucas,,,60 soles con 80 céntimos,Nuevo | 1 vendido,,,https://perfil.mercadolibre.com.pe/REPLAY-STORE+PER%C3%9A,+100
Funko Pop! La Casa De Papel - Nairobi #916,,,66 soles,Nuevo | 3 vendidos,,,https://perfil.mercadolibre.com.pe/REPLAY-STORE+PER%C3%9A,+100
Tv Box Androit - Convertidor Smar Tv 4k 5g,,,159 soles,Nuevo | +5 vendidos,,4.0,,+500
Rack De Techo Exclusivo Para Tv 13-40 Pulgadas,,,75 soles con 24 céntimos,Nuevo | +25 vendidos,,5.0,,+100
Rack Pedestal Tv 32 A 65 / Lcd Led Curvo Envios Gratis,,,304 soles con 50 céntimos,Nuevo | +5 vendidos,,,,+100
Funko Pop Carlitos Baldosa 1207 Rugrats Aventuras En Pañales,,,79 soles,Nuevo | +5 vendidos,,,https://perfil.mercadolibre.com.pe/DALUCITOSTORE,+100
Tv LG 32 Hdr Smart Wifi Nuevo Modelo Sellados,,,1050 soles,Nuevo | +5 vendidos,,4.7,,+500
Control Original LG Magic An-mr20ga,,,132 soles con 05 céntimos,Nuevo | +5 vendidos,,5.0,,+1000
Televisor LG Uhd 65 4k Smart Thinq Ai 65uq801c0sb,65UQ801C0SB,LG,1929 soles,Nuevo | 2 vendidos,,,https://perfil.mercadolibre.com.pe/CREDIVARGAS?brandId=445,+100
Rack Movible Exclusivo Para Tv Pantallas De 32 A 60 Pulgadas,,,85 soles con 44 céntimos,Nuevo | +100 vendidos,,4.7,,+100
Sintonizador Decodificador Tv Digital Hd 1080p Tdt Isdbt,,,68 soles con 99 céntimos,Nuevo | +50 vendidos,,4.6,,+1000
Tv Led Smart 32 Nuevo Modelo Sellados,,,599 soles,Nuevo | +50 vendidos,,4.8,,+500
Funda Para Control Samsung Qled 4k Smart Tv 2021-2022 Solar,,,27 soles con 55 céntimos,Nuevo | +5 vendidos,,5.0,,+1000
Chromecast 4 Google Tv Hd Movistar Play Disney+ No Mi Box S,,,215 soles,Nuevo | +5 vendidos,,5.0,,+500
Fire Tv Stick 4k Max Con Wifi 6 Y Control Voz Alexa 3ra Gen,,,229 soles con 68 céntimos,Nuevo | +5 vendidos,,5.0,,+500
Tv Box 4k Chromecast Android 10 Certificado Doble Banda Wifi,DL-ATV36,DYNALINK,199 soles,Nuevo | +5 vendidos,Envío gratis,,https://perfil.mercadolibre.com.pe/DOMOTIK-PERU,+1000
Televisor Samsung Un43au7090gxpe 43 Pulgadas Uhd 4k Smart Tv,,,1229 soles,Nuevo | +5 vendidos,,5.0,,+500
Autoradio Android Kia Sportage 2010-2015 + Cámara Gratis,,,703 soles,Nuevo | +5 vendidos,,,,+100
Tv Portatil 10 Señal Digital Auto Oficina Canales En Hd,,,240 soles,Nuevo | +25 vendidos,,,,+500
Samsung Tv 65 Smart Uhd 4k Nuevo Modelo,,,2199 soles,Nuevo | +25 vendidos,,4.7,,+500
Rack Soporte Móvil Plegable Doble Brazo Reforzado //tv 75 //,,,189 soles,Nuevo | +100 vendidos,,4.9,,+100
Homatics Box R 4k Plus Convertidor Smart Android Tv Google,,,629 soles con 10 céntimos,Nuevo | +5 vendidos,,,,+50
Antena Slim Señal Digital Tvd Y Análoga Macrotel,,,39 soles con 90 céntimos,Nuevo | 2 vendidos,,,https://perfil.mercadolibre.com.pe/IMPORTADORAYDISTRIBUIDORA?brandId=794,+100
Funko Pop Homero In Hedges 1252 Especial Edition,,,90 soles,Nuevo | +5 vendidos,Envío gratis,,https://perfil.mercadolibre.com.pe/CHEEKY-TICOSAS,+500
Funko Pop Number Five #932 Umbrella Academy Serie Netflix Color Número 5 Con Taza De Café #932 / Number Five,,,75 soles con 40 céntimos,Nuevo | +5 vendidos,Envío gratis,,https://perfil.mercadolibre.com.pe/CHEEKY-TICOSAS,+500
"Rack Pedestal Tv 32 A 65 Rodante,lcd Led Soporte Desarmable",,,340 soles,Nuevo | +100 vendidos,,4.8,,+100
Samsung 32 Smart M8 Uhd/4k Tv/cam Hdr10 Usb-c Wifi Bluetooth,,,2137 soles,Nuevo | 2 vendidos,,,,+500
Tv LG 65 Uhd 4k Smart Thinq Ai Nuevo Modelo,,,2099 soles,Nuevo | +25 vendidos,,4.9,,+500
Joystick Arcade Mando Usb 4en1 Android/pc/smarttv/ps2/ps3,,,84 soles,Nuevo | +25 vendidos,,4.0,,+1000
Tv LG Uhd 55 4k Smart Thinq Ai 55up7750psb Magic Remote,,,2209 soles con 15 céntimos,Nuevo | 2 vendidos,,5.0,,+100
Tv LG 55'' 4k Uhd Smart Thinq Ai 55ur7300psa,,,1499 soles,Nuevo | +5 vendidos,,4.6,,+5mil
Tv Hisense 55'' Uhd 4k Vidaa Dolby Vision Smart 55a6k 2023,Negro,Hisense,1399 soles,Nuevo | 1 vendido,Envío gratis,,https://perfil.mercadolibre.com.pe/TIENDAS+EFE?brandId=803,+5mil
"Rack Soporte Inclinable Tv Led , Smart ¡¡100 % De Fábrica!!",,,89 soles con 06 céntimos,Nuevo | +100 vendidos,,4.9,,+100
Govee T2 Envisual Tira Led Ambilight Tv Con Cámara Dual,,,725 soles,Nuevo | +5 vendidos,,5.0,,+100
Control Remoto Para Samsung Smart Tv Led Series 5/6/7/8 2019,,,28 soles con 08 céntimos,Nuevo | +25 vendidos,,4.3,,+1000
Tv LG 55'' 4k Uhd Smart Thinq Ai 55ur7300psa,,,1499 soles,Nuevo | +5 vendidos,,,,+5mil
"Rack Soporte Móvil Plegable Tv Led, Smart ¡100 % De Fábrica!",,,149 soles con 10 céntimos,Nuevo | +100 vendidos,,4.8,,+100
"Smart TV LG AI ThinQ 43LM6370PSB LED webOS Full HD 43"" 100V/240V",,,1125 soles,Nuevo | +5 vendidos,Envío gratis,,https://perfil.mercadolibre.com.pe/TIENDAS+EFE?brandId=192,+5mil
Rack Soporte Brazo Hidraulico Tv Monitor 17 A 27 Pulgadas,,,129 soles con 90 céntimos,Nuevo | +5 vendidos,,4.3,,+1000
"Cojin De Descanso / Antireflujo Confort Plus, Memory Foam.",,,175 soles,Nuevo | +5 vendidos,,5.0,,+500
Apple Tv 4k 128 Gb Wifi + Ethernet 2022 (3ª Generación),,,919 soles,Nuevo | 4 vendidos,,5.0,,+500
Kit 38pcs Desarmadores Reparacion Celular Tv Laptop Pc Torx,,,49 soles con 99 céntimos,Nuevo | +25 vendidos,,5.0,,+1000
Televisor LG Uhd 75 4k Smart Tv Thinq Ai 75ur871c0sa (2023),,,3579 soles,Nuevo | 2 vendidos,,,,+100
Sony Tv 50''x77l | 4k Uhd | (hdr) | Smart Tv (google Tv),,,2199 soles,Nuevo | 1 vendido,,,,+5mil
Filtro De Ruido Interferencia Coaxial Rg6 Tv Fm Antena,,,19 soles,Nuevo | +5 vendidos,,,,+1000
Autoradio Android Ford Ranger Del 2016-2022 - Homologado,,,880 soles con 60 céntimos,Nuevo | 2 vendidos,,,,+100
Rack Pedestal Tv 32 A 65 / Lcd Led Curvo..soporta 100 Kilos,,,296 soles,Nuevo | +50 vendidos,,4.7,,+100
Onn 4k Android Tv Google Certificado No Xiaomi Stick Mi Box,,,183 soles con 08 céntimos,Nuevo | +100 vendidos,,4.5,,+1000
Control Remoto Tv Samsung Smart Qled 4k Crystal,,,39 soles,Nuevo | +5 vendidos,,,,+500
Televisor Samsung Smart Tv 50 Crystal Uhd 4k Un50cu8200gxpe,,,1199 soles,Nuevo | +100 vendidos,,4.8,,+5mil
Antena Diy Para Exteriores Economica - Macrotel,,,69 soles con 90 céntimos,Nuevo | +5 vendidos,,,https://perfil.mercadolibre.com.pe/IMPORTADORAYDISTRIBUIDORA?brandId=794,+100
Tv 65 Smart Uhd Nuevo Modelo Sellados,,,1599 soles,Nuevo | 2 vendidos,,5.0,,+500
Disco duro externo UnionSine HD-006 500GB negro,,,105 soles,Nuevo | 2 vendidos,Envío gratis,,https://perfil.mercadolibre.com.pe/LEONSHOGUM,+100
Control Air Mouse Con Teclado O Microfono Pc Smart Tv,,,29 soles con 96 céntimos,Nuevo | +100 vendidos,,4.7,,+100
Televisor 55ur7300psa LG 55 Ultra Hd 4k Smart Tv,,,1579 soles con 21 céntimos,Nuevo | 2 vendidos,,,,+500
"Soporte North Bayou NB F160 de mesa para TV/Monitor de 17"" a 27"" negro",,,229 soles con 50 céntimos,Nuevo | +5 vendidos,Envío gratis,,https://perfil.mercadolibre.com.pe/MYPESAC,+100
Decodificador Tv Digital Sintonizador Isdb-t Full Hd Youtube,,,90 soles,Nuevo | 3 vendidos,Envío gratis,4.0,https://perfil.mercadolibre.com.pe/LATINO+ESPIA,+100
Televisor LG Uhd 50 4k Smart Thinq Ai 50uq801c0sb,,,1359 soles,Nuevo | +5 vendidos,,4.0,,+100
Televisor Samsung Smart Tv 65 Uhd 4k Un65au7090g,,,1699 soles,Nuevo | 2 vendidos,,4.0,,+1000
Televisor LG Uhd 65 4k Smart Tv Thinq Ai 65ur871c0sa (2023),,,2049 soles,Nuevo | 3 vendidos,,,,+100
Adaptador Switch Hdmi 5en1 Control Remoto Ps4 Smart Tv Compu,,,82 soles,Nuevo | +100 vendidos,Envío gratis,,https://perfil.mercadolibre.com.pe/PLAZATECH,+25
Apple Tv 4k 2022 128gb + Ethernet,,,929 soles con 66 céntimos,Nuevo | +5 vendidos,,5.0,,+100
Bono Funko Pop Rocks U2 Zoo Tv,,,76 soles con 12 céntimos,Nuevo | 2 vendidos,,,https://perfil.mercadolibre.com.pe/DALUCITOSTORE,+100
"Rack Soporte Inclinable Tv Led , Smart ¡¡100 % De Fábrica!!",,,79 soles con 20 céntimos,Nuevo | +100 vendidos,,4.8,,+100
Autoradio Android Suzuki Swift Del 2005-2010 + Cámara Gratis,,,703 soles,Nuevo | 3 vendidos,,4.0,,+100
Televisor Samsung Smart Tv 50 Qled 4k Qn50q60cagxpe (nuevo),,,1699 soles,Nuevo | 3 vendidos,,,,+5mil
Antena Exterior Digital Tdt Full Hd,,,80 soles con 10 céntimos,Nuevo | +25 vendidos,,4.7,,+1000
Moto E20 32 GB gris grafito 2 GB RAM,,,449 soles,Nuevo | +25 vendidos,Envío gratis,3.4,https://perfil.mercadolibre.com.pe/IMAN%C3%8DA+PER%C3%9A,+5mil
Tv 65 Samsung Uhd 4k Smart Tv Digital Nuevo Modelo Sellados,,,1999 soles,Nuevo | +5 vendidos,,4.8,,+500
Rack Soporte Doble Brazo Para Tv De 40 Hasta 80 - Nuevo,,,139 soles con 53 céntimos,Nuevo | +5 vendidos,,5.0,,+1000
Soporte Para Dvd / Decodificador / Rack Tv/ Tv Box - Negro,,,22 soles con 80 céntimos,Nuevo | +50 vendidos,,4.6,,+1000
Adaptador Convertidor De Hdmi A Rca / Laptop/tv Box/ Bluray,,,35 soles,Nuevo | +5 vendidos,,4.5,,+500
Google Chromecast 4ta Generación Fhd 1080p Con Google Tv,,,220 soles,Nuevo | +5 vendidos,,,,+500
Antena Tv Digital Hd Para Tv Lcd Smart Tv,,,23 soles con 30 céntimos,Nuevo | +50 vendidos,,4.2,,+1000
Autoradio Android Nissan Tiida 2004-2017 +cámara Gratis,,,698 soles con 56 céntimos,Nuevo | +5 vendidos,,5.0,,+100
Tv Samsung 65 Smart Uhd 4k Nuevo Modelo,,,1899 soles,Nuevo | +5 vendidos,,,,+500
Tv Control Remoto Para LG Smart Led Lcd Todos Los Modelos,,,18 soles con 90 céntimos,Nuevo | +50 vendidos,,4.5,,+1000
Cable 2 En 1 Otg + Cable Carga Micro Usb 5 Pines Splitter,,,29 soles con 99 céntimos,Nuevo | +5 vendidos,,4.3,,+1000
Autoradio Toyota Rav4 2006-2012 De 4ram+64gb-8nucleos+chip,,,1258 soles,Nuevo | 2 vendidos,,5.0,,+100
Funko Pop Televison: The Simpsons - Emperor Montimus 1200,,,32 soles,Nuevo | 1 vendido,,,https://perfil.mercadolibre.com.pe/REPLAY-STORE+PER%C3%9A,+100
Case Funda Silicona Control Compatible Apple Tv 2021 6ta Gen,,,28 soles con 49 céntimos,Nuevo | +5 vendidos,,,,+1000
Control Remoto Chromecast Google Tv Original Repuesto Funda,,,99 soles,Nuevo | +25 vendidos,,4.9,,+1000
Control Remoto Sony Rmt-tx300u Smart Tv Bravia 4k Original,,,99 soles,Nuevo | +5 vendidos,,,,+500
"Rack De Tv, Lcd O Smart De 45 A 75 Pulgadas, Brazo Reforzado",,,138 soles con 60 céntimos,Nuevo | +25 vendidos,,5.0,,+100
Antena De Tv Digital (tdt) Interiores/exteriores Full Hd,,,52 soles,Nuevo | +5 vendidos,,,,+500
Televisor Xiaomi 43 Uhd P1 L43m6 Mtk,,,899 soles,Nuevo | +25 vendidos,,4.6,,+5mil
Funko Pop! Tv: Rugrats - Angelica,,,79 soles,Nuevo | +5 vendidos,Envío gratis,,https://perfil.mercadolibre.com.pe/FUNKOSTARPER%C3%9A,+100
Autoradio Android Kia Picanto 2018-2021 + Cámara Gratis,,,698 soles con 56 céntimos,Nuevo | +5 vendidos,,5.0,,+100
Funko Pop! Tv Series: Cobra Kai - Daniel Larusso #971,,,87 soles con 04 céntimos,Nuevo | 4 vendidos,Envío gratis,,https://perfil.mercadolibre.com.pe/DALUCITOSTORE,+100
Autoradio Android Hyundai Creta 2014-2019 + Cámara Gratis,,,703 soles,Nuevo | 3 vendidos,,,,+100
Control Samsung Bn59-1310 Original + Funda Protector Rojo,,,132 soles con 05 céntimos,Nuevo | +5 vendidos,,5.0,,+1000
Tv LG 43 Uhd 4k Smart Thinq Ai Bluetooth Nuevo Modelo,,,1399 soles,Nuevo | +5 vendidos,,4.7,,+500
Funko Pop! - Dinosaurios - Bebe Sinclair Baby Sinclair,,,115 soles,Nuevo | +5 vendidos,Envío gratis,,https://perfil.mercadolibre.com.pe/FUNKOSTARPER%C3%9A,+100
Fire Tv Stick 4k Max Wifi 6 Control Remoto Por Voz Gen 2021 Color Negro,,,231 soles,Nuevo | +5 vendidos,Envío gratis,4.9,https://perfil.mercadolibre.com.pe/LATINO+STORE,+100
Control Remoto Fire Tv 2021 Alexa,,,79 soles,Nuevo | +5 vendidos,,,,+1000
Tira Luz Led Rgb 5050 Usb Tv Autos Pc A Control Remoto,,,29 soles con 44 céntimos,Nuevo | +100 vendidos,,4.4,,+1000
"Soporte Klip Xtreme KPM-311 de mesa para TV/Monitor de 13"" a 32"" negro",,,218 soles con 27 céntimos,Nuevo | +5 vendidos,Envío gratis,,https://perfil.mercadolibre.com.pe/CRONOSGO,+500
Google Chromecast 4ta Generación Fhd 1080p Con Google Tv,,,220 soles,Nuevo | +5 vendidos,,4.3,,+1000
Amazon Fire Tv Stick 4k Max Wifi 6 Con Alexa Streaming,,,218 soles con 40 céntimos,Nuevo | +5 vendidos,,5.0,,+1000
Hdmi Splitter 1x4 Switch 4k 2k Full Hd 1080 Pc Dvd Tv Ps3,,,57 soles con 95 céntimos,Nuevo | +5 vendidos,,,https://perfil.mercadolibre.com.pe/GUGU9185021,+50
Case Silicona Funda @ Control Remoto Apple Tv 6ta Gen. 2021,,,28 soles con 49 céntimos,Nuevo | +5 vendidos,,5.0,,+1000
Control Para Decodificador Claro,,,23 soles con 75 céntimos,Nuevo | +5 vendidos,,5.0,,+1000
Tv 49 LG Smart Uhd 4k Ips Hdr 10 Thinq Ai Modelo Nuevo,,,1499 soles,Nuevo | +50 vendidos,,5.0,,+500
Rack Fijo - Soporte Estático Exclusivo Tv 32 A 60 Pulgadas,,,72 soles con 80 céntimos,Nuevo | +5 vendidos,,5.0,,+100
Moto E20 32 GB azul aqua 2 GB RAM,,,449 soles,Nuevo | +5 vendidos,Envío gratis,3.4,https://perfil.mercadolibre.com.pe/IMAN%C3%8DA+PER%C3%9A,+5mil
"Smart TV LG AI ThinQ 55UP7750PSB LED webOS 6.0 4K 55"" 100V/240V",,,2209 soles con 15 céntimos,Nuevo | +100 vendidos,Envío gratis,,https://perfil.mercadolibre.com.pe/DIONYS+STORE,+100
Youtooz Heisenberg Breaking Bad,,,229 soles,Nuevo | 2 vendidos,Envío gratis,,https://perfil.mercadolibre.com.pe/FUNKOSTARPER%C3%9A,+100
Barra De Sonido Xiaomi Redmi Sound Bar Tv 30w Bluetooth,,,229 soles con 90 céntimos,Nuevo | +50 vendidos,,4.8,,+10mil
"Parlante Barra Gamer Subwoofer Para Pc,tv Bluetooth Halion",,,119 soles con 97 céntimos,Nuevo | +100 vendidos,,4.7,,+500
Antena Digital Tdt Hd Exterior Para Tv 20dbi Lima Provincias,,,95 soles con 92 céntimos,Nuevo | +5 vendidos,,4.7,,+1000
Samsung Tv 50 Smart Uhd 4k Nuevo Modelo,,,1350 soles,Nuevo | +25 vendidos,,4.3,,+500
Televisor LG Hd 32 Smart Thinq Ai 32lq630bpsa (2022),,,969 soles,Nuevo | +5 vendidos,Envío gratis,,https://perfil.mercadolibre.com.pe/CREDIVARGAS?brandId=445,+100
Apple Tv 4k 2021 64gb Sellados Caja Garantia 2 Tiendas,,,799 soles,Nuevo | +25 vendidos,,5.0,,+1000
Led Smart Tv 4k Hdr Google Tv Kd-50x77l,KD-50X77L,Sony,2199 soles,Nuevo | 1 vendido,Envío gratis,,https://perfil.mercadolibre.com.pe/SONYPERUSRL?brandId=25,+5mil
"Soporte North Bayou NB-P65 de pared para TV/Monitor de 55"" a 85"" negro",,,155 soles,Nuevo | +5 vendidos,Envío gratis,,https://perfil.mercadolibre.com.pe/NEODIGITALSAC,+1000
Proyector Wanbo T4 Fhd 4k Streaming Android Tv 450 Lum Ansi,,,949 soles,Nuevo | 4 vendidos,Envío gratis,5.0,https://perfil.mercadolibre.com.pe/LOOKUPERU?brandId=51292,+5mil
Antena Digital Tv Tdt Ultra Plana + Amplificador,,,69 soles con 30 céntimos,Nuevo | +25 vendidos,,4.0,,+1000
Splitter Hdmi 1x4 Hd 4k Conecta Hasta 4 Tv Lince,,,89 soles,Nuevo | +5 vendidos,Envío gratis,,https://perfil.mercadolibre.com.pe/LATINO.PE,+500
"Smart TV LG AI ThinQ 60UP7750PSB LCD webOS 6.0 4K 60"" 100V/240V",,,2849 soles con 05 céntimos,Nuevo | +5 vendidos,,,https://perfil.mercadolibre.com.pe/DIONYS+STORE,+100
Tv LG Led 50'' Nanocell 4k Smart Thinq Ai 50nano77sra (2023),50NANO77SRA,LG,1599 soles,Nuevo | 3 vendidos,Envío gratis,,https://perfil.mercadolibre.com.pe/TIENDAS+EFE?brandId=192,+5mil
Mouse Optico Vertical Ergonómico Usb Evita Tunel Carpiano,,,28 soles con 49 céntimos,Nuevo | +100 vendidos,,4.7,,+1000
Rack Plegable Reforzado 4 Brazos P/ Tv 32 - 65 Pulgadas,,,93 soles con 15 céntimos,Nuevo | +100 vendidos,,4.7,,+100
Televisor LG Oled 65 4k Smart Thinq Ai Oled65c2psa (2022),OLED65C2PSA,LG,7979 soles,Nuevo | 1 vendido,,,https://perfil.mercadolibre.com.pe/CREDIVARGAS?brandId=445,+100
Led Smart Tv Samsung 43 Uhd 4k,Smart TV,Samsung,1199 soles,Nuevo | +100 vendidos,Envío gratis,,https://perfil.mercadolibre.com.pe/TIENDAS+EFE?brandId=803,+5mil
Figura Funko Pop! Jiraiya & Gama Toad #73 - Naruto Shippuden,,,147 soles con 25 céntimos,Nuevo | +5 vendidos,Envío gratis,,https://perfil.mercadolibre.com.pe/REPLAY-STORE+PER%C3%9A,+100
Xiaomi Tv P1e 65,,,2149 soles,Nuevo | 2 vendidos,,,https://perfil.mercadolibre.com.pe/BLUE-DIAMOND-PERU?brandId=159,+1000
Aiwa 32 Android Tv Hd Smart,Negro,Aiwa,449 soles,Nuevo | +5 vendidos,Envío gratis,,https://perfil.mercadolibre.com.pe/TIENDAS+EFE?brandId=192,+5mil
Tv LG 50'' 4k Uhd Smart Thinq Ai 50ur7300psa,Negro,LG,1376 soles con 19 céntimos,Nuevo | +5 vendidos,Envío gratis,,https://perfil.mercadolibre.com.pe/COMERCIAPERU+PE,+500
Televisor LG Uhd 55 4k Smart Thinq Ai 55uq801c0sb,55UQ801C0SB,LG,1449 soles,Nuevo | +5 vendidos,Envío gratis,,https://perfil.mercadolibre.com.pe/CREDIVARGAS?brandId=445,+100
Televisor LG Uhd 75 4k Smart Tv Thinq Ai 75ur871c0sa (2023),75UR871C0SA,LG,3579 soles,Nuevo | 2 vendidos,,,https://perfil.mercadolibre.com.pe/CREDIVARGAS?brandId=445,+100
Televisor Smart Tv Daewoo Con Android - Dw-32a214hd,,,599 soles,Nuevo | 4 vendidos,Envío gratis,,https://perfil.mercadolibre.com.pe/JATARIYPERSACJATARIYPERS,+1000
